ID,Unique_Id,User id,User name,Store/Task Name,Campaign_Name,Partner,Status,Amount,click_id,order_id,Payout,point_post_payout,conversion_date,Action_Date
52313,1091266745,b0ebdd22,Akshit,Flipkart,Flipkart [CPS] IN,admitad,pending,17999,Zlp7rAMihQx6g9STzomo,OIU_332633250847172100000,0,0,21-10-2024,21-10-2024
52314,1091266932,b0ebdd22,Akshit,Flipkart,Flipkart [CPS] IN,admitad,pending,244,yrFkvaiuWXbEjyBig2Jt,OIU_332633429062062100000,6,5,21-10-2024,21-10-2024
52315,1091267293,b0ebdd22,Akshit,Flipkart,Flipkart [CPS] IN,admitad,pending,129,WjWFP4MAheRvWoLxZN8B,OIU_332633444993820100000,3,3,21-10-2024,21-10-2024
52306,1091186102,b0ebdd22,Akshit,,Flipkart [CPS] IN,admitad,,1186,5RYhODVVfCRopqgCoRU3,OIU_432630796377713100000,27,,21-10-2024,20-10-2024
52298,1091178693,b0ebdd22,Akshit,Flipkart,Flipkart [CPS] IN,admitad,pending,2719,8o9SjQe4oGqPDQKg1gFR,OIU_432630698969797100000,49,44,21-10-2024,20-10-2024
52299,1091178198,b0ebdd22,Akshit,Flipkart,Flipkart [CPS] IN,admitad,pending,185,Ba3KDnz1gLzqYIK3q3Tc,OIU_432630514948341100000,5,4,21-10-2024,20-10-2024
52300,1091178220,b0ebdd22,Akshit,Flipkart,Flipkart [CPS] IN,admitad,pending,1119,Ba3KDnz1gLzqYIK3q3Tc,OIU_432630514948341101000,20,18,21-10-2024,20-10-2024
52301,1091178244,b0ebdd22,Akshit,Flipkart,Flipkart [CPS] IN,admitad,pending,4559,Ba3KDnz1gLzqYIK3q3Tc,OIU_432630514948341102000,27,24,21-10-2024,20-10-2024
52302,1091177989,b0ebdd22,Akshit,Flipkart,Flipkart [CPS] IN,admitad,pending,1099,pNYzdpaVdYBa3pMW1yHL,OIU_332630725224490100000,30,27,21-10-2024,20-10-2024
52303,1091177930,b0ebdd22,Akshit,Flipkart,Flipkart [CPS] IN,admitad,pending,185,XQtl2oCSny0SzWFnyIG4,OIU_432630476598404100000,5,4,21-10-2024,20-10-2024
52304,1091177618,b0ebdd22,Akshit,Flipkart,Flipkart [CPS] IN,admitad,pending,1007,D0qfBQJ5pTeynDqomthj,OIU_332630666288615100000,18,16,21-10-2024,20-10-2024
52305,1091177112,b0ebdd22,Akshit,Flipkart,Flipkart [CPS] IN,admitad,pending,185,XQtl2oCSny0SzWFnyIG4,OIU_332630435721019100000,5,4,21-10-2024,20-10-2024
52295,1091167872,b0ebdd22,Akshit,,Flipkart [CPS] IN,admitad,,129,WjWFP4MAheRvWoLxZN8B,OIU_332630212485214100000,3,,21-10-2024,20-10-2024
52294,1091157649,b0ebdd22,Akshit,Flipkart,Flipkart [CPS] IN,admitad,pending,166,0ome64Mew3jjNjBmVQ4j,OIU_332629971525172100000,15,13,20-10-2024,20-10-2024
52291,1091146890,b0ebdd22,Akshit,Flipkart,Flipkart [CPS] IN,admitad,pending,331,MVkSIF0xhaO4A458poth,OIU_332629384631652100000,6,5,20-10-2024,20-10-2024
52292,1091147318,b0ebdd22,Akshit,Flipkart,Flipkart [CPS] IN,admitad,pending,227,XQ9ks97UEWm6RL5ByMvN,OIU_332629587737637100000,6,5,20-10-2024,20-10-2024
52293,1091147393,b0ebdd22,Akshit,Flipkart,Flipkart [CPS] IN,admitad,pending,149,HKsOnizfNHxVIH0ODlTf,OIU_332629534720883100000,3,3,20-10-2024,20-10-2024
52283,1091137248,b0ebdd22,Akshit,Flipkart,Flipkart [CPS] IN,admitad,pending,475,Zlp7rAMihQx6g9STzomo,OIU_332629082314659100000,13,12,20-10-2024,20-10-2024
52290,1091138442,b0ebdd22,Akshit,Flipkart,Flipkart [CPS] IN,admitad,pending,164,HKsOnizfNHxVIH0ODlTf,OIU_432629007117388100000,5,4,20-10-2024,20-10-2024
52281,1091126442,b0ebdd22,Akshit,Flipkart,Flipkart [CPS] IN,admitad,pending,454,vtifj6jO3AR9cRXYIKQj,OIU_332628592824717100000,13,12,20-10-2024,20-10-2024
52282,1091126695,b0ebdd22,Akshit,Flipkart,Flipkart [CPS] IN,admitad,pending,433,WjWFP4MAheRvWoLxZN8B,OIU_332628670533218100000,8,7,20-10-2024,20-10-2024
52276,1091117178,b0ebdd22,Akshit,Flipkart,Flipkart [CPS] IN,admitad,pending,89,gP5aLQhfWZczVeUroYS0,OIU_332628571832041100000,2,2,20-10-2024,20-10-2024
52277,1091118144,b0ebdd22,Akshit,Flipkart,Flipkart [CPS] IN,admitad,pending,619,Lqq2mx4a2gX8IQ6UDXHS,OIU_432628570212897100000,11,10,20-10-2024,20-10-2024
52278,1091118286,b0ebdd22,Akshit,Flipkart,Flipkart [CPS] IN,admitad,pending,89,gP5aLQhfWZczVeUroYS0,OIU_432628584065734100000,2,2,20-10-2024,20-10-2024
52268,1091088641,b0ebdd22,Akshit,Flipkart,Flipkart [CPS] IN,admitad,pending,619,C5laumMwqAf80twD2IZK,OIU_332627177003916100000,11,10,20-10-2024,20-10-2024
52269,1091088981,b0ebdd22,Akshit,Flipkart,Flipkart [CPS] IN,admitad,pending,228,aJSht1zjg4IWy7JBb3t1,OIU_332627292265418100000,6,5,20-10-2024,20-10-2024
52270,1091089006,b0ebdd22,Akshit,Flipkart,Flipkart [CPS] IN,admitad,pending,228,aJSht1zjg4IWy7JBb3t1,OIU_332627292265418100001,6,5,20-10-2024,20-10-2024
52271,1091089022,b0ebdd22,Akshit,Flipkart,Flipkart [CPS] IN,admitad,pending,229,aJSht1zjg4IWy7JBb3t1,OIU_332627292265418100002,6,5,20-10-2024,20-10-2024
52230,20258059,b0ebdd22,Akshit,Amazon,Amazon India,cuelinks,pending,126.27,akshit_flipkart00000,B0DH4M8WX8-Fixderma Durave Radiance & Oil Free Face Moisturizer ,7,6,20-10-2024,19-10-2024
52231,20258086,b0ebdd22,Akshit,Amazon,Amazon India,cuelinks,pending,71.43,akshit_flipkart00000,"B00GTQCQ1U-MDH Tandoori Chicken, 100g",1,1,20-10-2024,19-10-2024
52232,20258208,b0ebdd22,Akshit,Amazon,Amazon India,cuelinks,pending,123.88,akshit_flipkart00000,B0CR1K148Q-STITCHNEST Valentine Gift for Boyfriend Girlfriend Hu,4,4,20-10-2024,19-10-2024
52233,20258268,b0ebdd22,Akshit,Amazon,Amazon India,cuelinks,pending,79.66,akshit_flipkart00000,B07C2J291K-Park Avenue Men Original Collection | Liquid Deodoran,9,8,20-10-2024,19-10-2024
52234,20258358,b0ebdd22,Akshit,Amazon,Amazon India,cuelinks,pending,122.48,akshit_flipkart00000,"B0D9261F1Y-GM Strato 22 Watt LED Batten Tube Light, 100 Lumens P",8,7,20-10-2024,19-10-2024
52235,20258372,b0ebdd22,Akshit,Amazon,Amazon India,cuelinks,pending,19,akshit_flipkart00000,B01LTI9KAW-Mobile Prepaid Recharge,2,2,20-10-2024,19-10-2024
52236,20258383,b0ebdd22,Akshit,Amazon,Amazon India,cuelinks,pending,474,akshit_flipkart00000,B07D1FBTJB-Electricity bill payment,2,2,20-10-2024,19-10-2024
52237,20258393,b0ebdd22,Akshit,Amazon,Amazon India,cuelinks,pending,122.86,akshit_flipkart00000,"B0CKRKJ814-Cortina Premium Silicon Floor Mat, Bath Mat, Doormat,",8,7,20-10-2024,19-10-2024
52238,20258420,b0ebdd22,Akshit,Amazon,Amazon India,cuelinks,pending,1524.58,akshit_flipkart00000,B0B917LHY4-Crompton DS 500W Mixer Grinder with Powertron Motor &,62,56,20-10-2024,19-10-2024
52239,20258485,b0ebdd22,Akshit,Amazon,Amazon India,cuelinks,pending,94.29,akshit_flipkart00000,B0DC84NYND-One94Store 36 Feet Long LED Power Pixel Serial String,3,3,20-10-2024,19-10-2024
52240,20258517,b0ebdd22,Akshit,Amazon,Amazon India,cuelinks,pending,254.24,akshit_flipkart00000,"B01NBMLX4R-Amul Ice Cream - Moroccan Dry Fruit, 1L Pack",3,3,20-10-2024,19-10-2024
52241,20258531,b0ebdd22,Akshit,Amazon,Amazon India,cuelinks,pending,180,akshit_flipkart00000,B0DG2Y99P6-BSB HOME Pure Microfiber Jaipuri Rajasthani Print Bed,6,5,20-10-2024,19-10-2024
52242,20258556,b0ebdd22,Akshit,Amazon,Amazon India,cuelinks,pending,445.54,akshit_flipkart00000,B07KYPZHJ9-Pigeon Aluminium Nonstick Duo Pack Flat Tawa 250 and ,18,16,20-10-2024,19-10-2024
52243,20258629,b0ebdd22,Akshit,Amazon,Amazon India,cuelinks,pending,253.39,akshit_flipkart00000,B0CW3FSV9K-AGARO Royal Sonic Electric Toothbrush for Adults with,9,8,20-10-2024,19-10-2024
52244,20258633,b0ebdd22,Akshit,Amazon,Amazon India,cuelinks,pending,83.05,akshit_flipkart00000,B0CVDP486C-COBERTA Back Cover for Oppo A16e Back Cover Case - Bl,2,2,20-10-2024,19-10-2024
52245,20258668,b0ebdd22,Akshit,Amazon,Amazon India,cuelinks,pending,22,akshit_flipkart00000,B01LTI9KAW-Mobile Prepaid Recharge,4,4,20-10-2024,19-10-2024
52246,20258685,b0ebdd22,Akshit,Amazon,Amazon India,cuelinks,pending,422.88,akshit_flipkart00000,"B0CYLBXY9K-amazon basics True Wireless in-Ear Earbuds with Mic, ",10,9,20-10-2024,19-10-2024
52247,20258774,b0ebdd22,Akshit,Amazon,Amazon India,cuelinks,pending,381.65,akshit_flipkart00000,B099PS36JN-Caneuf 6-Wheel Caster Heavy Duty Roller for Furniture,52,47,20-10-2024,19-10-2024
52248,20258785,b0ebdd22,Akshit,Amazon,Amazon India,cuelinks,pending,83.9,akshit_flipkart00000,"B0CCL6ML79-Panasonic 9 Watt LED Bulb, B22 Base 9W Bulb Light For",3,3,20-10-2024,19-10-2024
52249,20258801,b0ebdd22,Akshit,Amazon,Amazon India,cuelinks,pending,349,akshit_flipkart00000,B01LTI9KAW-Mobile Prepaid Recharge,2,2,20-10-2024,19-10-2024
52250,20258850,b0ebdd22,Akshit,Amazon,Amazon India,cuelinks,pending,168.64,akshit_flipkart00000,B093TJD298-Liril Lemon & Tea Tree Natural Bathing Soap for Body ,9,8,20-10-2024,19-10-2024
52251,20258868,b0ebdd22,Akshit,Amazon,Amazon India,cuelinks,pending,222.32,akshit_flipkart00000,B08L5B9LQV-TEC TAVAKKAL Swimming Tube for Kids with Manual Pump ,9,8,20-10-2024,19-10-2024
52252,20258881,b0ebdd22,Akshit,Amazon,Amazon India,cuelinks,pending,168.64,akshit_flipkart00000,B08HRMS53Y-Dyazo 501 24 W Dual Car Charger for iPhone Xr/Xs/Max/,5,5,20-10-2024,19-10-2024
52253,20258937,b0ebdd22,Akshit,Amazon,Amazon India,cuelinks,pending,713.39,akshit_flipkart00000,B0D4M1ZTNY-Dollar Jacket For Men Casual Zipper Bomber For Winter,24,22,20-10-2024,19-10-2024
52254,20258966,b0ebdd22,Akshit,Amazon,Amazon India,cuelinks,pending,126.27,akshit_flipkart00000,B0DH4J54BF-Fixderma Durave Ceramide Moisturizer for Face with Pe,7,6,20-10-2024,19-10-2024
52255,20259002,b0ebdd22,Akshit,Amazon,Amazon India,cuelinks,pending,168.64,akshit_flipkart00000,B093TJD298-Liril Lemon & Tea Tree Natural Bathing Soap for Body ,9,8,20-10-2024,19-10-2024
52256,20259013,b0ebdd22,Akshit,Amazon,Amazon India,cuelinks,pending,475.24,akshit_flipkart00000,B0DGGK6LY7-HOMEKART 220 GSM Solid Plain Reversible Summer Microf,16,14,20-10-2024,19-10-2024
52257,20259070,b0ebdd22,Akshit,Amazon,Amazon India,cuelinks,pending,88.98,akshit_flipkart00000,"B0C2VK32D1-Graphene Re-writable LCD Writing Pad with Pen, 8.5-In",6,5,20-10-2024,19-10-2024
52258,20259128,b0ebdd22,Akshit,Amazon,Amazon India,cuelinks,pending,846.61,akshit_flipkart00000,B0DJ1KBQ52-Desidiya ® 30 Meter LED Rope Light for Decoration-Wat,29,26,20-10-2024,19-10-2024
52259,20259136,b0ebdd22,Akshit,Amazon,Amazon India,cuelinks,pending,0.85,akshit_flipkart00000,B0DGY23G1P-Minimalist Maleic Bond Repair Complex 3.5% Hair Shamp,0,0,20-10-2024,19-10-2024
52260,20259161,b0ebdd22,Akshit,Amazon,Amazon India,cuelinks,pending,326.27,akshit_flipkart00000,B07F457TXN-Cadbury Celebrations Rich Dry Fruit Collection Chocol,4,4,20-10-2024,19-10-2024
52261,20259204,b0ebdd22,Akshit,Amazon,Amazon India,cuelinks,pending,10,akshit_flipkart00000,B01LTI9KAW-Mobile Prepaid Recharge,2,2,20-10-2024,19-10-2024
52262,20259205,b0ebdd22,Akshit,Amazon,Amazon India,cuelinks,pending,83.9,akshit_flipkart00000,B0DJ7VFKRN-Desidiya® 12 Meter LED Decorative String Fairy Rice L,3,3,20-10-2024,19-10-2024
52263,20259297,b0ebdd22,Akshit,Amazon,Amazon India,cuelinks,pending,506.78,akshit_flipkart00000,B07WJ65YLL-Halonix 20-watt LED Batten/Tubelight | Streak square ,17,15,20-10-2024,19-10-2024
52264,20259560,b0ebdd22,Akshit,Amazon,Amazon India,cuelinks,pending,1694.07,akshit_flipkart00000,B09BY17DLV-Amazon Fire TV Stick Lite with all-new Alexa Voice Re,80,72,20-10-2024,19-10-2024
52265,20259563,b0ebdd22,Akshit,Amazon,Amazon India,cuelinks,pending,445.54,akshit_flipkart00000,"B0DFYLX197-DECOVAA 50 Meter LED String Lights, 160 LED Light for",15,14,20-10-2024,19-10-2024
52266,20259621,b0ebdd22,Akshit,Amazon,Amazon India,cuelinks,pending,195.76,akshit_flipkart00000,B0CGPZTC8C-Desidiya® LED String Serial Light 35 Meter with 8 Mod,7,6,20-10-2024,19-10-2024
52267,20259632,b0ebdd22,Akshit,Amazon,Amazon India,cuelinks,pending,475.24,akshit_flipkart00000,B0DGGKS7SS-HOMEKART 220 GSM Solid Plain Reversible Summer Microf,16,14,20-10-2024,19-10-2024
52226,1091078540,b0ebdd22,Akshit,Flipkart,Flipkart [CPS] IN,admitad,pending,260,zGg918SdKAVIFaD98BfC,OIU_432626785364147100000,23,20,20-10-2024,20-10-2024
52202,1091061093,b0ebdd22,Akshit,Flipkart,Flipkart [CPS] IN,admitad,pending,229,g0H1dWDOUqaaxGHRfmzx,OIU_332626503917323100000,4,4,20-10-2024,20-10-2024
52203,1091061438,b0ebdd22,Akshit,Flipkart,Flipkart [CPS] IN,admitad,pending,229,qD6WS76R2iZYoIf5gXLa,OIU_332626528971801100000,4,4,20-10-2024,20-10-2024
52199,1091052721,b0ebdd22,Akshit,Flipkart,Flipkart [CPS] IN,admitad,pending,2299,9PozwnMfjFjxrMAVgHj9,OIU_332626280604992100000,62,55,20-10-2024,20-10-2024
52200,1091053007,b0ebdd22,Akshit,Flipkart,Flipkart [CPS] IN,admitad,pending,321,aATyvrMF2BCJf5WErxMH,OIU_332626366927722100000,9,8,20-10-2024,20-10-2024
52194,1091043532,b0ebdd22,Akshit,Flipkart,Flipkart [CPS] IN,admitad,pending,1099,MjQENjuzM95LhKQC3hss,OIU_332625717250285100000,30,27,20-10-2024,20-10-2024
52195,1091044118,b0ebdd22,Akshit,Flipkart,Flipkart [CPS] IN,admitad,pending,278,iDNHRf5VulOIHCcCjyLN,OIU_332625782743617100000,7,6,20-10-2024,20-10-2024
52196,1091044300,b0ebdd22,Akshit,Flipkart,Flipkart [CPS] IN,admitad,pending,829,hjVTPZBSokrwWRowKivu,OIU_332625805770520100000,23,20,20-10-2024,20-10-2024
52197,1091044326,b0ebdd22,Akshit,Flipkart,Flipkart [CPS] IN,admitad,pending,171,hjVTPZBSokrwWRowKivu,OIU_332625805770520101000,4,4,20-10-2024,20-10-2024
52193,1091035093,b0ebdd22,Akshit,Flipkart,Flipkart [CPS] IN,admitad,pending,539,KUIDtFbCp5KixkmWWwSM,OIU_332625424801645100000,10,9,20-10-2024,20-10-2024
52189,1091026725,b0ebdd22,Akshit,Flipkart,Flipkart [CPS] IN,admitad,pending,164,pU4dFjdKZnElJ9y55e16,OIU_332625280813014100000,5,4,20-10-2024,20-10-2024
52187,1091021456,b0ebdd22,Akshit,Flipkart,Flipkart [CPS] IN,admitad,pending,299,g1liPxdXAYSnOqsAVbXY,OIU_332624819373439100000,5,4,20-10-2024,20-10-2024
52169,1090955185,b0ebdd22,Akshit,Flipkart,Flipkart [CPS] IN,admitad,pending,130,7MABxLQIZkg6YCwvuuMV,OIU_432622127710733200000,4,4,20-10-2024,20-10-2024
52170,1090955186,b0ebdd22,Akshit,Flipkart,Flipkart [CPS] IN,admitad,pending,130,7MABxLQIZkg6YCwvuuMV,OIU_432622127710733200001,4,4,20-10-2024,20-10-2024
52171,1090955187,b0ebdd22,Akshit,Flipkart,Flipkart [CPS] IN,admitad,pending,131,7MABxLQIZkg6YCwvuuMV,OIU_432622127710733200002,4,4,20-10-2024,20-10-2024
52172,1090955188,b0ebdd22,Akshit,Flipkart,Flipkart [CPS] IN,admitad,pending,131,7MABxLQIZkg6YCwvuuMV,OIU_432622127710733200003,4,4,20-10-2024,20-10-2024
52173,1090955189,b0ebdd22,Akshit,Flipkart,Flipkart [CPS] IN,admitad,pending,131,7MABxLQIZkg6YCwvuuMV,OIU_432622127710733200004,4,4,20-10-2024,20-10-2024
52174,1090955190,b0ebdd22,Akshit,Flipkart,Flipkart [CPS] IN,admitad,pending,29,7MABxLQIZkg6YCwvuuMV,OIU_432622127710733201000,1,1,20-10-2024,20-10-2024
52175,1090955191,b0ebdd22,Akshit,Flipkart,Flipkart [CPS] IN,admitad,pending,29,7MABxLQIZkg6YCwvuuMV,OIU_432622127710733201001,1,1,20-10-2024,20-10-2024
52176,1090955192,b0ebdd22,Akshit,Flipkart,Flipkart [CPS] IN,admitad,pending,437,7MABxLQIZkg6YCwvuuMV,OIU_432622127710733202000,12,11,20-10-2024,20-10-2024
52177,1090955193,b0ebdd22,Akshit,Flipkart,Flipkart [CPS] IN,admitad,pending,437,7MABxLQIZkg6YCwvuuMV,OIU_432622127710733202001,12,11,20-10-2024,20-10-2024
52178,1090955194,b0ebdd22,Akshit,Flipkart,Flipkart [CPS] IN,admitad,pending,1,7MABxLQIZkg6YCwvuuMV,OIU_432622127710733203000,0,0,20-10-2024,20-10-2024
52179,1090955195,b0ebdd22,Akshit,Flipkart,Flipkart [CPS] IN,admitad,pending,128,7MABxLQIZkg6YCwvuuMV,OIU_432622127710733204000,4,4,20-10-2024,20-10-2024
52180,1090955196,b0ebdd22,Akshit,Flipkart,Flipkart [CPS] IN,admitad,pending,82,7MABxLQIZkg6YCwvuuMV,OIU_432622127710733205000,2,2,20-10-2024,20-10-2024
52167,1090952281,b0ebdd22,Akshit,Flipkart,Flipkart [CPS] IN,admitad,pending,218,7MABxLQIZkg6YCwvuuMV,OIU_432622127710733206000,6,5,20-10-2024,20-10-2024
52168,1090952345,b0ebdd22,Akshit,Flipkart,Flipkart [CPS] IN,admitad,pending,398,CWCvkBF67aqU4qdGJhHq,OIU_432623112175630100000,7,6,20-10-2024,20-10-2024
52164,1090947700,b0ebdd22,Akshit,Flipkart,Flipkart [CPS] IN,admitad,pending,219,7MABxLQIZkg6YCwvuuMV,OIU_432622127710733206001,6,5,20-10-2024,20-10-2024
52166,1090948000,b0ebdd22,Akshit,Flipkart,Flipkart [CPS] IN,admitad,pending,619,Lqq2mx4a2gX8IQ6UDXHS,OIU_432622588815395100000,11,10,20-10-2024,20-10-2024
52159,1090941902,b0ebdd22,Akshit,Flipkart,Flipkart [CPS] IN,admitad,pending,257,93jPkwdb8Ijxa4iMvtFr,OIU_432622203705473100000,5,4,20-10-2024,19-10-2024
52160,1090941786,b0ebdd22,Akshit,Flipkart,Flipkart [CPS] IN,admitad,pending,279,Y1gwaiZKGhS9K3wDxah1,OIU_432622131501247100000,7,6,20-10-2024,19-10-2024
52161,1090941586,b0ebdd22,Akshit,Flipkart,Flipkart [CPS] IN,admitad,pending,71,7MABxLQIZkg6YCwvuuMV,OIU_432622127710733207000,2,2,20-10-2024,19-10-2024
52162,1090941377,b0ebdd22,Akshit,Flipkart,Flipkart [CPS] IN,admitad,pending,369,xEmcDAe70JWhNxFbXCHp,OIU_332622135484321100000,10,9,20-10-2024,19-10-2024
52163,1090941115,b0ebdd22,Akshit,Flipkart,Flipkart [CPS] IN,admitad,pending,579,C5laumMwqAf80twD2IZK,OIU_332622120362933100000,11,10,20-10-2024,19-10-2024
52150,1090934535,b0ebdd22,Akshit,Flipkart,Flipkart [CPS] IN,admitad,pending,499,7MABxLQIZkg6YCwvuuMV,OIU_432621998329296100000,14,12,20-10-2024,19-10-2024
52151,1090933984,b0ebdd22,Akshit,Flipkart,Flipkart [CPS] IN,admitad,pending,519,V9gIXvkuRnKwDLlcssCa,OIU_432621903214081100000,9,8,20-10-2024,19-10-2024
52152,1090933186,b0ebdd22,Akshit,Flipkart,Flipkart [CPS] IN,admitad,pending,199,pkkE40INU0lIiBi8BhjI,OIU_332621942110906100000,4,4,20-10-2024,19-10-2024
52154,1090933281,b0ebdd22,Akshit,Flipkart,Flipkart [CPS] IN,admitad,pending,199,pkkE40INU0lIiBi8BhjI,OIU_332621946027920100000,4,4,20-10-2024,19-10-2024
52155,1090932999,b0ebdd22,Akshit,Flipkart,Flipkart [CPS] IN,admitad,pending,360,dMh3g2pNKTduFRybGJNk,OIU_332621929481838100000,6,5,20-10-2024,19-10-2024
52156,1090933014,b0ebdd22,Akshit,Flipkart,Flipkart [CPS] IN,admitad,pending,184,MtVlqTKtJjprNY0zakuS,OIU_332621866231684100000,5,4,20-10-2024,19-10-2024
52157,1090932934,b0ebdd22,Akshit,Flipkart,Flipkart [CPS] IN,admitad,pending,489,FjhZRPLX3M8mINmKfQl6,OIU_332621936269033100000,9,8,20-10-2024,19-10-2024
52158,1090932721,b0ebdd22,Akshit,Flipkart,Flipkart [CPS] IN,admitad,pending,50999,J04YTG4ajjlWRUIUAIEE,OIU_332621793624115100000,0,0,20-10-2024,19-10-2024
52146,1090925661,b0ebdd22,Akshit,Flipkart,Flipkart [CPS] IN,admitad,pending,143,Bt6jDDoewq52rtu2TOxw,OIU_432621521624095100000,3,3,20-10-2024,19-10-2024
52147,1090925805,b0ebdd22,Akshit,Flipkart,Flipkart [CPS] IN,admitad,pending,299,GvWRdoNcdeWYQzmfjClj,OIU_332621744728254100000,8,7,20-10-2024,19-10-2024
52148,1090925933,b0ebdd22,Akshit,Flipkart,Flipkart [CPS] IN,admitad,pending,599,ifhWUrRIzLC7LSiNRGFt,OIU_332621176140155100000,16,14,20-10-2024,19-10-2024
52149,1090925953,b0ebdd22,Akshit,Flipkart,Flipkart [CPS] IN,admitad,pending,49,ifhWUrRIzLC7LSiNRGFt,OIU_332621176140155101000,0,0,20-10-2024,19-10-2024
52144,1090917246,b0ebdd22,Akshit,Flipkart,Flipkart [CPS] IN,admitad,pending,179,gbgMBYTmcTtPp7FpvWHB,OIU_332621383191348100000,5,4,19-10-2024,19-10-2024
52135,1090908602,b0ebdd22,Akshit,Flipkart,Flipkart [CPS] IN,admitad,pending,209,Z2UbYaKWiWRsX5Asa1UY,OIU_332620759597774100000,5,4,19-10-2024,19-10-2024
52136,1090908629,b0ebdd22,Akshit,Flipkart,Flipkart [CPS] IN,admitad,pending,209,Z2UbYaKWiWRsX5Asa1UY,OIU_332620759597774100001,5,4,19-10-2024,19-10-2024
52137,1090908656,b0ebdd22,Akshit,Flipkart,Flipkart [CPS] IN,admitad,pending,209,Z2UbYaKWiWRsX5Asa1UY,OIU_332620759597774100002,5,4,19-10-2024,19-10-2024
52138,1090908686,b0ebdd22,Akshit,Flipkart,Flipkart [CPS] IN,admitad,pending,209,Z2UbYaKWiWRsX5Asa1UY,OIU_332620759597774100003,5,4,19-10-2024,19-10-2024
52139,1090908713,b0ebdd22,Akshit,Flipkart,Flipkart [CPS] IN,admitad,pending,209,Z2UbYaKWiWRsX5Asa1UY,OIU_332620759597774100004,5,4,19-10-2024,19-10-2024
52140,1090908737,b0ebdd22,Akshit,Flipkart,Flipkart [CPS] IN,admitad,pending,209,Z2UbYaKWiWRsX5Asa1UY,OIU_332620759597774100005,5,4,19-10-2024,19-10-2024
52141,1090909035,b0ebdd22,Akshit,Flipkart,Flipkart [CPS] IN,admitad,pending,209,sl4Cq4uqyMN0Fx0ADV6q,OIU_332620974962249100000,11,10,19-10-2024,19-10-2024
52130,1090899944,b0ebdd22,Akshit,Flipkart,Flipkart [CPS] IN,admitad,pending,199,PP4TJGSOvyiSG0QoHbuT,OIU_332620533906279100000,4,4,19-10-2024,19-10-2024
52127,1090890601,b0ebdd22,Akshit,Flipkart,Flipkart [CPS] IN,admitad,pending,479,ifhWUrRIzLC7LSiNRGFt,OIU_332620238386437100000,13,12,19-10-2024,19-10-2024
52118,1090880353,b0ebdd22,Akshit,Flipkart,Flipkart [CPS] IN,admitad,pending,55,9RqJ8b73ymjIEjASUg2z,OIU_332619615587172100000,1,1,19-10-2024,19-10-2024
52119,1090880380,b0ebdd22,Akshit,Flipkart,Flipkart [CPS] IN,admitad,pending,55,9RqJ8b73ymjIEjASUg2z,OIU_332619615587172100001,1,1,19-10-2024,19-10-2024
52120,1090880408,b0ebdd22,Akshit,Flipkart,Flipkart [CPS] IN,admitad,pending,55,9RqJ8b73ymjIEjASUg2z,OIU_332619615587172100002,1,1,19-10-2024,19-10-2024
52121,1090881103,b0ebdd22,Akshit,Flipkart,Flipkart [CPS] IN,admitad,pending,55,9RqJ8b73ymjIEjASUg2z,OIU_332619664764854100000,1,1,19-10-2024,19-10-2024
52122,1090881121,b0ebdd22,Akshit,Flipkart,Flipkart [CPS] IN,admitad,pending,55,9RqJ8b73ymjIEjASUg2z,OIU_332619664764854100001,1,1,19-10-2024,19-10-2024
52123,1090882149,b0ebdd22,Akshit,Flipkart,Flipkart [CPS] IN,admitad,pending,189,Bt6jDDoewq52rtu2TOxw,OIU_432619683518383100000,4,4,19-10-2024,19-10-2024
52124,1090882177,b0ebdd22,Akshit,Flipkart,Flipkart [CPS] IN,admitad,pending,143,Bt6jDDoewq52rtu2TOxw,OIU_432619734962814100000,3,3,19-10-2024,19-10-2024
52112,1090872453,b0ebdd22,Akshit,Flipkart,Flipkart [CPS] IN,admitad,pending,55,9RqJ8b73ymjIEjASUg2z,OIU_332619398077825100000,1,1,19-10-2024,19-10-2024
52113,1090872472,b0ebdd22,Akshit,Flipkart,Flipkart [CPS] IN,admitad,pending,55,9RqJ8b73ymjIEjASUg2z,OIU_332619398077825100001,1,1,19-10-2024,19-10-2024
52114,1090872808,b0ebdd22,Akshit,Flipkart,Flipkart [CPS] IN,admitad,pending,1280,N8mWksNkc1PwV11Kl3Y8,OIU_332619527533619100000,34,30,19-10-2024,19-10-2024
52115,1090873088,b0ebdd22,Akshit,Flipkart,Flipkart [CPS] IN,admitad,pending,278,iDNHRf5VulOIHCcCjyLN,OIU_332619414454110100000,7,6,19-10-2024,19-10-2024
52111,1090865926,b0ebdd22,Akshit,Flipkart,Flipkart [CPS] IN,admitad,pending,156,Lrzp1Jyp5690APgmyDc1,OIU_432619105392510100000,5,4,19-10-2024,19-10-2024
52037,20227876,b0ebdd22,Akshit,Amazon,Amazon India,cuelinks,pending,23.73,akshit_flipkart00000,B0DHK43D6S-Desidiya® Bottle Lights with Cork - Mini Copper Wire ,2,2,19-10-2024,18-10-2024
52038,20227916,b0ebdd22,Akshit,Amazon,Amazon India,cuelinks,pending,75.42,akshit_flipkart00000,B0BBFCG66M-DesiDiya® 35 Feet Long LED Power Pixel Serial String ,3,3,19-10-2024,18-10-2024
52039,20228018,b0ebdd22,Akshit,Amazon,Amazon India,cuelinks,pending,875,akshit_flipkart00000,B07QP9PTZP-LPG cylinder booking,2,2,19-10-2024,18-10-2024
52011,20226279,b0ebdd22,Akshit,Amazon,Amazon India,cuelinks,pending,199,akshit_flipkart00000,B01LTI9KAW-Mobile Prepaid Recharge,4,4,19-10-2024,18-10-2024
52012,20226324,b0ebdd22,Akshit,Amazon,Amazon India,cuelinks,pending,618.1,akshit_flipkart00000,B0CKZ98TVS-Ricamzi Toilet Cleaner with 8 Refills - Disposable To,25,23,19-10-2024,18-10-2024
52013,20226541,b0ebdd22,Akshit,Amazon,Amazon India,cuelinks,pending,282.86,akshit_flipkart00000,B0DGXVFKNL-Gas Lighter Electric Lighter for Candles Rechargeable,10,9,19-10-2024,18-10-2024
52014,20226568,b0ebdd22,Akshit,Amazon,Amazon India,cuelinks,pending,165.89,akshit_flipkart00000,B00R1AQGCS-Vega Paddle Hair Brush (India's No.1* Hair Brush Bran,9,8,19-10-2024,18-10-2024
52015,20226608,b0ebdd22,Akshit,Amazon,Amazon India,cuelinks,pending,83.9,akshit_flipkart00000,B0BN45YSL5-Dabur Red Bae Fresh Gel - 300gm (150gm*2) | Fights Ba,3,3,19-10-2024,18-10-2024
52016,20226699,b0ebdd22,Akshit,Amazon,Amazon India,cuelinks,pending,592.38,akshit_flipkart00000,"B09ZXMFLB2-Vibez by Lifelong Smartwatch for Men|1.85"" HD Display",20,18,19-10-2024,18-10-2024
52017,20226715,b0ebdd22,Akshit,Amazon,Amazon India,cuelinks,pending,109.32,akshit_flipkart00000,B09HTRLZZ1-EcoLink 20-watt LED Batten/Tubelight | Champion Compa,4,4,19-10-2024,18-10-2024
52018,20226894,b0ebdd22,Akshit,Amazon,Amazon India,cuelinks,pending,93.33,akshit_flipkart00000,"B0BZVBXP56-Sano Pure Honey 500g (Pack of 1) | 100% Pure, Natural",1,1,19-10-2024,18-10-2024
52019,20226907,b0ebdd22,Akshit,Amazon,Amazon India,cuelinks,pending,92.37,akshit_flipkart00000,"B07LC95P6C-Halonix 10 Watts B22d LED bulb tube Light Cool White,",6,5,19-10-2024,18-10-2024
52020,20226934,b0ebdd22,Akshit,Amazon,Amazon India,cuelinks,pending,29,akshit_flipkart00000,B01LTI9KAW-Mobile Prepaid Recharge,2,2,19-10-2024,18-10-2024
52021,20227001,b0ebdd22,Akshit,Amazon,Amazon India,cuelinks,pending,220.34,akshit_flipkart00000,"B08CNMBJZ7-Vim Dishwash Liquid Gel Lemon Refill Pouch, 2 Ltr | D",22,20,19-10-2024,18-10-2024
52022,20227011,b0ebdd22,Akshit,Amazon,Amazon India,cuelinks,pending,236.44,akshit_flipkart00000,B0CGPZTC8C-Desidiya® LED String Serial Light 35 Meter with 8 Mod,8,7,19-10-2024,18-10-2024
52023,20227053,b0ebdd22,Akshit,Amazon,Amazon India,cuelinks,pending,299,akshit_flipkart00000,B01LTI9KAW-Mobile Prepaid Recharge,4,4,19-10-2024,18-10-2024
52024,20227100,b0ebdd22,Akshit,Amazon,Amazon India,cuelinks,pending,23429.7,akshit_flipkart00000,B0CX5DW4WT-Samsung 108 cm (43 inches) D Series Crystal 4K Vivid ,554,499,19-10-2024,18-10-2024
52025,20227121,b0ebdd22,Akshit,Amazon,Amazon India,cuelinks,pending,42.37,akshit_flipkart00000,B09DD5PKZZ-Everyuth Naturals Body Lotion Nourishing Cocoa| 48 hr,5,5,19-10-2024,18-10-2024
52026,20227206,b0ebdd22,Akshit,Amazon,Amazon India,cuelinks,pending,0.85,akshit_flipkart00000,B0CHSGQ1KG-Moody Sunscreen With Hyaluronic & SPF 50 PA +++ UVA/B,0,0,19-10-2024,18-10-2024
52027,20227286,b0ebdd22,Akshit,Amazon,Amazon India,cuelinks,pending,38.13,akshit_flipkart00000,B09DD5PKZZ-Everyuth Naturals Body Lotion Nourishing Cocoa| 48 hr,8,7,19-10-2024,18-10-2024
52028,20227301,b0ebdd22,Akshit,Amazon,Amazon India,cuelinks,pending,899,akshit_flipkart00000,B01LTI9KAW-Mobile Prepaid Recharge,2,2,19-10-2024,18-10-2024
52029,20227390,b0ebdd22,Akshit,Amazon,Amazon India,cuelinks,pending,279.05,akshit_flipkart00000,B0DGXVFKNL-Gas Lighter Electric Lighter for Candles Rechargeable,9,8,19-10-2024,18-10-2024
52030,20227573,b0ebdd22,Akshit,Amazon,Amazon India,cuelinks,pending,856.19,akshit_flipkart00000,B08QDHFMNB-Yenstar Cold Pressed Groundnut/Peanut Oil (5 Litre Ca,12,11,19-10-2024,18-10-2024
52031,20227725,b0ebdd22,Akshit,Amazon,Amazon India,cuelinks,pending,19,akshit_flipkart00000,B01LTI9KAW-Mobile Prepaid Recharge,2,2,19-10-2024,18-10-2024
52032,20227731,b0ebdd22,Akshit,Amazon,Amazon India,cuelinks,pending,195.54,akshit_flipkart00000,B0C3RK1LM6-Attro Slim Stainless Steel Single Wall 1000Ml Water B,8,7,19-10-2024,18-10-2024
52033,20227802,b0ebdd22,Akshit,Amazon,Amazon India,cuelinks,pending,126.27,akshit_flipkart00000,"B0D9261F1Y-GM Strato 22 Watt LED Batten Tube Light, 100 Lumens P",4,4,19-10-2024,18-10-2024
52034,20227810,b0ebdd22,Akshit,Amazon,Amazon India,cuelinks,pending,799,akshit_flipkart00000,B01LTI9KAW-Mobile Prepaid Recharge,2,2,19-10-2024,18-10-2024
52035,20227836,b0ebdd22,Akshit,Amazon,Amazon India,cuelinks,pending,846.61,akshit_flipkart00000,B0C73B4D1W-Desidiya® Astronaut Galaxy Projector with Remote Cont,29,26,19-10-2024,18-10-2024
52036,20227872,b0ebdd22,Akshit,Amazon,Amazon India,cuelinks,pending,3707.63,akshit_flipkart00000,B0C22V8Q87-Wipro Garnet 12W Round LED Wave Spotlight |COB Spotli,125,113,19-10-2024,18-10-2024
52008,1090829203,b0ebdd22,Akshit,Flipkart,Flipkart [CPS] IN,admitad,pending,380,gvACkMc3lYmKwWCi70Qh,OIU_332617527900838100000,7,6,19-10-2024,19-10-2024
52009,1090829227,b0ebdd22,Akshit,Flipkart,Flipkart [CPS] IN,admitad,pending,246,gvACkMc3lYmKwWCi70Qh,OIU_332617527900838101000,5,4,19-10-2024,19-10-2024
51988,1090821822,b0ebdd22,Akshit,Flipkart,Flipkart [CPS] IN,admitad,pending,155,gvACkMc3lYmKwWCi70Qh,OIU_332617527900838102000,3,3,19-10-2024,19-10-2024
51989,1090821852,b0ebdd22,Akshit,Flipkart,Flipkart [CPS] IN,admitad,pending,487,gvACkMc3lYmKwWCi70Qh,OIU_332617527900838103000,14,12,19-10-2024,19-10-2024
51990,1090822232,b0ebdd22,Akshit,Flipkart,Flipkart [CPS] IN,admitad,pending,216,FIYxUmfNDYShPUmwHpOb,OIU_332617662844552100000,5,4,19-10-2024,19-10-2024
51986,1090814827,b0ebdd22,Akshit,Flipkart,Flipkart [CPS] IN,admitad,pending,199,bOEmPvFB6b319DO7XgUS,OIU_332617378710709100000,4,4,19-10-2024,19-10-2024
51987,1090815607,b0ebdd22,Akshit,Flipkart,Flipkart [CPS] IN,admitad,pending,269,wJs8tLttto1v2DFR9IN9,OIU_432617402545503100000,5,4,19-10-2024,19-10-2024
51985,1090801067,b0ebdd22,Akshit,Flipkart,Flipkart [CPS] IN,admitad,pending,499,BT0vvYlSYAVRroDzM7BJ,OIU_332616743801918100000,14,12,19-10-2024,19-10-2024
51982,1090792417,b0ebdd22,Akshit,Flipkart,Flipkart [CPS] IN,admitad,pending,327,QmaQhKozhfQgLzKhIqH2,OIU_432616051915084100000,6,5,19-10-2024,19-10-2024
51983,1090792438,b0ebdd22,Akshit,Flipkart,Flipkart [CPS] IN,admitad,pending,173,QmaQhKozhfQgLzKhIqH2,OIU_432616051915084101000,3,3,19-10-2024,19-10-2024
51981,1090726563,b0ebdd22,Akshit,Flipkart,Flipkart [CPS] IN,admitad,pending,218,czYeiSOFOD2kRduIwkBB,OIU_432615748452359100000,6,5,19-10-2024,19-10-2024
51979,1090711420,b0ebdd22,Akshit,Flipkart,Flipkart [CPS] IN,admitad,pending,899,uwvjAsn2jCrPKDxEr4UA,OIU_432614036607987100000,24,21,19-10-2024,19-10-2024
51977,1090687607,b0ebdd22,Akshit,Flipkart,Flipkart [CPS] IN,admitad,pending,289,xBVqXHKNfOqg5Z0bRItA,OIU_332612965918356100000,5,4,19-10-2024,18-10-2024
51974,1090664566,b0ebdd22,Akshit,Flipkart,Flipkart [CPS] IN,admitad,pending,239,ENGRiLJcFcVa28GQlQxt,OIU_332612039284569100000,6,5,18-10-2024,18-10-2024
51975,1090666440,b0ebdd22,Akshit,Flipkart,Flipkart [CPS] IN,admitad,pending,262,QmaQhKozhfQgLzKhIqH2,OIU_432612059971134200000,3,3,18-10-2024,18-10-2024
51976,1090666455,b0ebdd22,Akshit,Flipkart,Flipkart [CPS] IN,admitad,pending,497,QmaQhKozhfQgLzKhIqH2,OIU_432612059971134201000,5,4,18-10-2024,18-10-2024
51970,1090640690,b0ebdd22,Akshit,Flipkart,Flipkart [CPS] IN,admitad,pending,479,3BSTXfioUyUwBBCNslit,OIU_432611473006874100000,13,12,18-10-2024,18-10-2024
51971,1090640721,b0ebdd22,Akshit,Flipkart,Flipkart [CPS] IN,admitad,pending,479,3BSTXfioUyUwBBCNslit,OIU_432611473006874100001,13,12,18-10-2024,18-10-2024
51972,1090640807,b0ebdd22,Akshit,Flipkart,Flipkart [CPS] IN,admitad,pending,199,djJJf819GtDD10Q2LRsU,OIU_432611532779676100000,5,4,18-10-2024,18-10-2024
51968,1090631362,b0ebdd22,Akshit,Flipkart,Flipkart [CPS] IN,admitad,pending,299,GvWRdoNcdeWYQzmfjClj,OIU_332611096315342100000,8,7,18-10-2024,18-10-2024
51969,1090631776,b0ebdd22,Akshit,Flipkart,Flipkart [CPS] IN,admitad,pending,279,GvWRdoNcdeWYQzmfjClj,OIU_332611143868266100000,5,4,18-10-2024,18-10-2024
51966,1090620705,b0ebdd22,Akshit,Flipkart,Flipkart [CPS] IN,admitad,pending,399,1jDfDj1HthV9Ehrw0WDX,OIU_432610609554010100000,11,10,18-10-2024,18-10-2024
51964,1090610871,b0ebdd22,Akshit,Flipkart,Flipkart [CPS] IN,admitad,pending,545,6lYhcZ170oN4oHFVD87n,OIU_332610495810845100000,14,12,18-10-2024,18-10-2024
51934,20200176,b0ebdd22,Akshit,Amazon,Amazon India,cuelinks,pending,378.89,akshit_flipkart00000,"B077MCF1YR-Harpic 1 Litre (Pack of 3) - Original, Disinfectant T",77,69,18-10-2024,17-10-2024
51935,20200241,b0ebdd22,Akshit,Amazon,Amazon India,cuelinks,pending,23.73,akshit_flipkart00000,B0DHK43D6S-Desidiya® Bottle Lights with Cork - Mini Copper Wire ,1,1,18-10-2024,17-10-2024
51936,20200272,b0ebdd22,Akshit,Amazon,Amazon India,cuelinks,pending,311.01,akshit_flipkart00000,B0CFXRYFM9-Lifelong 2.7 Litre Stainless Steel Insulated Casserol,13,12,18-10-2024,17-10-2024
51937,20200292,b0ebdd22,Akshit,Amazon,Amazon India,cuelinks,pending,189.53,akshit_flipkart00000,B0DBHQ9Z9M-Status Contract -2024 Cotton Rich Double Bedsheet wit,6,5,18-10-2024,17-10-2024
51938,20200337,b0ebdd22,Akshit,Amazon,Amazon India,cuelinks,pending,534.82,akshit_flipkart00000,B0CMTT36GD-Nature Prime Afghani Anjeer-1Kg | dry fruits | Dried ,7,6,18-10-2024,17-10-2024
51939,20200347,b0ebdd22,Akshit,Amazon,Amazon India,cuelinks,pending,637,akshit_flipkart00000,B07D1FBTJB-Electricity bill payment,2,2,18-10-2024,17-10-2024
51940,20200447,b0ebdd22,Akshit,Amazon,Amazon India,cuelinks,pending,30,akshit_flipkart00000,B085J5Y9CR-Google Play recharge code - Digital Voucher,2,2,18-10-2024,17-10-2024
51941,20200488,b0ebdd22,Akshit,Amazon,Amazon India,cuelinks,pending,761.87,akshit_flipkart00000,B0DJ1KBQ52-Desidiya ® 30 Meter LED Rope Light for Decoration-Wat,26,23,18-10-2024,17-10-2024
51942,20200495,b0ebdd22,Akshit,Amazon,Amazon India,cuelinks,pending,84.76,akshit_flipkart00000,"B0C5MKVBN9-Cockatoo Shoe Bag for Travel & Storage, Women & Men, ",3,3,18-10-2024,17-10-2024
51943,20200516,b0ebdd22,Akshit,Amazon,Amazon India,cuelinks,pending,410.19,akshit_flipkart00000,"B07GBBKF54-3M Rodent Repellent Coating, 250 g| Rat Protection fo",14,13,18-10-2024,17-10-2024
51944,20200520,b0ebdd22,Akshit,Amazon,Amazon India,cuelinks,pending,315.24,akshit_flipkart00000,B07DKJ818C-Dabur Chyawanprash - 950g | 3X Immunity Action | With,11,10,18-10-2024,17-10-2024
51945,20200584,b0ebdd22,Akshit,Amazon,Amazon India,cuelinks,pending,70.36,akshit_flipkart00000,B0BBFCG66M-DesiDiya® 35 Feet Long LED Power Pixel Serial String ,5,5,18-10-2024,17-10-2024
51946,20200599,b0ebdd22,Akshit,Amazon,Amazon India,cuelinks,pending,250.85,akshit_flipkart00000,B00G23S4YS-Park Avenue Luxury Grooming Collection 8 in-1 Combo G,14,13,18-10-2024,17-10-2024
51947,20200615,b0ebdd22,Akshit,Amazon,Amazon India,cuelinks,pending,761.86,akshit_flipkart00000,B0C81Y3Y5W-Luminous RR Signature Vento Air 100 MM High Speed Exh,31,28,18-10-2024,17-10-2024
51948,20200619,b0ebdd22,Akshit,Amazon,Amazon India,cuelinks,pending,236.44,akshit_flipkart00000,B0BCFG49SC-beatXP Buzz Electric Toothbrush for Adults with 2 Bru,8,7,18-10-2024,17-10-2024
51949,20200626,b0ebdd22,Akshit,Amazon,Amazon India,cuelinks,pending,196.46,akshit_flipkart00000,B00S5SBS9G-3M Car wash Shampoo (250 ml) | High Foam for Deep Cle,8,7,18-10-2024,17-10-2024
51950,20200833,b0ebdd22,Akshit,Amazon,Amazon India,cuelinks,pending,168.64,akshit_flipkart00000,B06XWF9XHV-ZEBRONICS JUDWAA 555 USB Multimedia Keyboard & Mouse ,4,4,18-10-2024,17-10-2024
51951,20200844,b0ebdd22,Akshit,Amazon,Amazon India,cuelinks,pending,361,akshit_flipkart00000,B01LTI9KAW-Mobile Prepaid Recharge,2,2,18-10-2024,17-10-2024
51952,20201006,b0ebdd22,Akshit,Amazon,Amazon India,cuelinks,pending,178.16,akshit_flipkart00000,B0CDGDRV9W-POND'S Light Moisturiser Non-Oily Fresh Feel With Vit,39,35,18-10-2024,17-10-2024
51953,20201259,b0ebdd22,Akshit,Amazon,Amazon India,cuelinks,pending,75.42,akshit_flipkart00000,B0BBFCG66M-DesiDiya® 35 Feet Long LED Power Pixel Serial String ,5,5,18-10-2024,17-10-2024
51954,20201408,b0ebdd22,Akshit,Amazon,Amazon India,cuelinks,pending,380.95,akshit_flipkart00000,B0DJBH581Z-Scott International Hoodies for Men Winter jackets fo,13,12,18-10-2024,17-10-2024
51955,20201474,b0ebdd22,Akshit,Amazon,Amazon India,cuelinks,pending,592.37,akshit_flipkart00000,"B0BMGHZM8W-Maxima LCD Dial Unisex's Watch-H1O2Mssf67582, Grey",20,18,18-10-2024,17-10-2024
51956,20201495,b0ebdd22,Akshit,Amazon,Amazon India,cuelinks,pending,140.68,akshit_flipkart00000,B08PSHZWXS-Ezee Premium Eco Friendly Garbage Trash Bag For Dustb,5,5,18-10-2024,17-10-2024
51957,20201506,b0ebdd22,Akshit,Amazon,Amazon India,cuelinks,pending,99,akshit_flipkart00000,B085J5Y9CR-Google Play recharge code - Digital Voucher,2,2,18-10-2024,17-10-2024
51958,20201641,b0ebdd22,Akshit,Amazon,Amazon India,cuelinks,pending,126.27,akshit_flipkart00000,B0D1MFV413-amazon basics Mobile Cover for Samsung Galaxy S23 FE ,3,3,18-10-2024,17-10-2024
51959,20201642,b0ebdd22,Akshit,Amazon,Amazon India,cuelinks,pending,338.14,akshit_flipkart00000,"B08R7RPVJF-Lenovo 15.6"" (39.62cm) Slim Everyday Backpack, Made i",8,7,18-10-2024,17-10-2024
51960,20201644,b0ebdd22,Akshit,Amazon,Amazon India,cuelinks,pending,33,akshit_flipkart00000,B01LTI9KAW-Mobile Prepaid Recharge,2,2,18-10-2024,17-10-2024
51961,20201654,b0ebdd22,Akshit,Amazon,Amazon India,cuelinks,pending,126.28,akshit_flipkart00000,"B0C7BLY1QT-amazon basics Travel Neck Pillow, Unisex, Multipurpos",4,4,18-10-2024,17-10-2024
51917,1090573560,b0ebdd22,Akshit,Flipkart,Flipkart [CPS] IN,admitad,pending,649,rdObVkxeknehmP9m9Sf2,OIU_432609184607050100000,17,15,18-10-2024,18-10-2024
51918,1090573580,b0ebdd22,Akshit,Flipkart,Flipkart [CPS] IN,admitad,pending,183,rdObVkxeknehmP9m9Sf2,OIU_432609184607050101000,0,0,18-10-2024,18-10-2024
51913,1090448351,b0ebdd22,Akshit,Flipkart,Flipkart [CPS] IN,admitad,pending,349,czYeiSOFOD2kRduIwkBB,OIU_332604591070695100000,6,5,18-10-2024,17-10-2024
51907,1090439796,b0ebdd22,Akshit,Flipkart,Flipkart [CPS] IN,admitad,pending,152,fveLMiZE3WtfaZDksJkR,OIU_332604136344229100000,5,4,18-10-2024,17-10-2024
51908,1090440113,b0ebdd22,Akshit,Flipkart,Flipkart [CPS] IN,admitad,pending,189,lvX4DnOWJzlrluq9gnj6,OIU_332604199115492100000,4,4,18-10-2024,17-10-2024
51909,1090440618,b0ebdd22,Akshit,Flipkart,Flipkart [CPS] IN,admitad,pending,213,Z2UbYaKWiWRsX5Asa1UY,OIU_432604292097041100000,5,4,18-10-2024,17-10-2024
51910,1090440625,b0ebdd22,Akshit,Flipkart,Flipkart [CPS] IN,admitad,pending,161,fveLMiZE3WtfaZDksJkR,OIU_432604319541526100000,5,4,18-10-2024,17-10-2024
51911,1090440640,b0ebdd22,Akshit,Flipkart,Flipkart [CPS] IN,admitad,pending,499,fveLMiZE3WtfaZDksJkR,OIU_432604319541526101000,9,8,18-10-2024,17-10-2024
51912,1090440656,b0ebdd22,Akshit,Flipkart,Flipkart [CPS] IN,admitad,pending,499,fveLMiZE3WtfaZDksJkR,OIU_432604319541526101001,9,8,18-10-2024,17-10-2024
